run_id,captured_at,query,rank,title,snippet,url,normalized_url,domain,domain_key,error_reason
20260312-102832,2026-03-12T02:28:45.600Z,Mold risk prediction mold growth forecast; mold hazard analysis -site:alibaba.com,1,Risk assessment of mold growth across the US due to ...,by S Vecherin · 2024 · Cited by 9 — This paper describes a probabilistic framework for mold growth risk assessment on various construction materials and shows its application across a variety of ...Read more,https://www.sciencedirect.com/science/article/pii/S0360132324003408,https://www.sciencedirect.com/science/article/pii/S0360132324003408,www.sciencedirect.com,sciencedirect.com,
20260312-102832,2026-03-12T02:28:45.600Z,Mold risk prediction mold growth forecast; mold hazard analysis -site:alibaba.com,3,A Predictive Model for the Growth Diameter of Mold under ...,"by C Wang · 2024 · Cited by 12 — This work established a mold growth diameter prediction model using temperature and relative humidity, clarified the range and direction of ...Read more",https://www.mdpi.com/2075-5309/14/1/215,https://www.mdpi.com/2075-5309/14/1/215,www.mdpi.com,mdpi.com,
20260312-102832,2026-03-12T02:28:45.600Z,Mold risk prediction mold growth forecast; mold hazard analysis -site:alibaba.com,5,Guideline for Assessing the Risk of Mould Growth with WUFI,"Jul 16, 2024 — Growth requirements for mould: Reduction to the essential influencing factors temperature and humidity, their combined exposure time as well as ...Read more47 pages",https://wufi.de/download/guideline/Guideline_MouldGrowthRisk_20240716.pdf,https://wufi.de/download/guideline/Guideline_MouldGrowthRisk_20240716.pdf,wufi.de,wufi.de,
20260312-102832,2026-03-12T02:28:45.600Z,Mold risk prediction mold growth forecast; mold hazard analysis -site:alibaba.com,7,Review of mould prediction models and their influence on ...,The current paper gives an overview of the different existing models and analyses the impact of the mould prediction model on the mould risk evaluation. To do ...Read more,https://www.researchgate.net/publication/257171294_Review_of_mould_prediction_models_and_their_influence_on_mould_risk_evaluation,https://www.researchgate.net/publication/257171294_Review_of_mould_prediction_models_and_their_influence_on_mould_risk_evaluation,www.researchgate.net,researchgate.net,
20260312-102832,2026-03-12T02:28:45.600Z,Mold risk prediction mold growth forecast; mold hazard analysis -site:alibaba.com,9,Mold Growth Risk Calculator (After Leaks & Water Damage),"1 day ago — Estimate mold growth risk after a leak or flood. Get a risk level, 24–48 hour response plan, salvage guidance, and a shareable PDF report.",https://www.palmbld.com/tools/mold-growth-risk-calculator,https://www.palmbld.com/tools/mold-growth-risk-calculator,www.palmbld.com,palmbld.com,
20260312-102832,2026-03-12T02:28:45.600Z,Mold risk prediction mold growth forecast; mold hazard analysis -site:alibaba.com,11,Indoor Mould – - Health Risk Assessment and Management,"Jul 16, 2024 — Mould growth may increase the number of spores, allergens and other toxins in indoor air, which may result in poorer indoor air quality and risk ...Read more44 pages",https://www.health.wa.gov.au/~/media/Corp/Documents/Health-for/Mould/Indoor-Mould--Health-Risk-Assessment-and-Management.pdf,https://www.health.wa.gov.au/~/media/Corp/Documents/Health-for/Mould/Indoor-Mould--Health-Risk-Assessment-and-Management.pdf,www.health.wa.gov.au,health.wa.gov.au,
20260312-102832,2026-03-12T02:28:45.600Z,Mold risk prediction mold growth forecast; mold hazard analysis -site:alibaba.com,13,Understanding Indoor Mold Growth: Estimating Time of ...,by FEBP Fallah — This paper discusses the rate of fungal growth indoors and the possibility of estimating the time of growth from a water loss.Read more,https://www.jsheld.com/insights/articles/understanding-indoor-mold-growth-estimating-time-of-mold-growth,https://www.jsheld.com/insights/articles/understanding-indoor-mold-growth-estimating-time-of-mold-growth,www.jsheld.com,jsheld.com,
20260312-102832,2026-03-12T02:28:45.600Z,Mold risk prediction mold growth forecast; mold hazard analysis -site:alibaba.com,15,How well do mould models predict mould growth in ...,"by P Johansson · 2021 · Cited by 37 — Mould prediction models aim to predict whether mould will grow on a specific material in a part of building with a known, or simulated, relative humidity and ...Read more",https://www.sciencedirect.com/science/article/abs/pii/S2352710221001571,https://www.sciencedirect.com/science/article/abs/pii/S2352710221001571,www.sciencedirect.com,sciencedirect.com,
20260312-102832,2026-03-12T02:28:45.600Z,Mold risk prediction mold growth forecast; mold hazard analysis -site:alibaba.com,17,Mould Assessment Recommendations,"A mould assessment determines if mould is present, but does not determine or estimate mould exposure.8 pages",https://ncceh.ca/sites/default/files/Mould_Assessment_Evidence_Review_March_2014.pdf,https://ncceh.ca/sites/default/files/Mould_Assessment_Evidence_Review_March_2014.pdf,ncceh.ca,ncceh.ca,
20260312-102832,2026-03-12T02:28:45.600Z,Mold risk prediction mold growth forecast; mold hazard analysis -site:alibaba.com,19,American Industrial Hygiene Association (AIHA) The Facts ...,Introduction The Facts About Mold: For Everyone. What is mold? How does mold get into a house or building? How can I prevent mold growth? Can mold be toxic?Read more,https://www.milfordct.us/DocumentCenter/View/789,https://www.milfordct.us/DocumentCenter/View/789,www.milfordct.us,milfordct.us,
20260312-102832,2026-03-12T02:29:08.349Z,Mold risk prediction supplier -site:alibaba.com,1,Matix - Increase your mold efficiency and extend its life,"Extend tooling asset lifecycles, prevent downtime, reduce maintenance and scrap rate with the most precise predictive system to enhance operational efficiency.Read more",https://www.matix.cloud/,https://www.matix.cloud/,www.matix.cloud,matix.cloud,
20260312-102832,2026-03-12T02:29:08.349Z,Mold risk prediction supplier -site:alibaba.com,3,SimForm: Easy mold cooling prediction,Easily predict plastic injection and compression mold cooling in less than 15 minutes. Design better molds and products with quick and early thermal ...,https://simform.app/,https://simform.app/,simform.app,simform.app,
20260312-102832,2026-03-12T02:29:08.349Z,Mold risk prediction supplier -site:alibaba.com,5,MRC,"The Mold Research Center(MRC) serves as a pioneering hub for advancing mold detection, prevention, and management technologies.Read more",https://ycm.group/mrc/,https://ycm.group/mrc,ycm.group,ycm.group,
20260312-102832,2026-03-12T02:29:08.349Z,Mold risk prediction supplier -site:alibaba.com,7,Mold manufacturing: expert services from concept to ...,"Transform your concepts into high-performance polycarbonate components with Fibox's expert mold design, prototyping, and quality assurance services for ...",https://www.fibox.com/mold-manufacturing,https://www.fibox.com/mold-manufacturing,www.fibox.com,fibox.com,
20260312-102832,2026-03-12T02:29:08.349Z,Mold risk prediction supplier -site:alibaba.com,9,Tooling & Mold,"Buying or Importing Tooling & Mold from overseas ? Get Mold & Tooling Quality Inspection, Quality Control, Quality Check, Supplier Audit Services.",https://worldwidequalitycontrol.com/tooling-mold-inspection-quality-control-services,https://worldwidequalitycontrol.com/tooling-mold-inspection-quality-control-services,worldwidequalitycontrol.com,worldwidequalitycontrol.com,
20260312-102832,2026-03-12T02:29:08.349Z,Mold risk prediction supplier -site:alibaba.com,11,Engineering Analysis for Injection Mold Performance,"Risk Prediction Before Tooling. By digitally simulating real-world conditions, we reduce: Mold failure risks; Excessive wear; Cycle inefficiencies; Production ...Read more",https://www.altayplastik.com/en/engineering-analysis/,https://www.altayplastik.com/en/engineering-analysis,www.altayplastik.com,altayplastik.com,
20260312-102832,2026-03-12T02:29:08.349Z,Mold risk prediction supplier -site:alibaba.com,13,Mold prevention - Leather goods - Glove-making,"The CTC experts verify the absence of mold on your products and ensure conformity with your specifications and packaging requirements (patches, dehumidifiers: ...Read more",https://www.ctcgroupe.com/en/expertise-and-services/leather-goods-glove-making/analysis-and-testing/mold-prevention-1077-1.html,https://www.ctcgroupe.com/en/expertise-and-services/leather-goods-glove-making/analysis-and-testing/mold-prevention-1077-1.html,www.ctcgroupe.com,ctcgroupe.com,
20260312-102832,2026-03-12T02:29:08.349Z,Mold risk prediction supplier -site:alibaba.com,15,Maximizing Plastic Injection Mold Lifespan,"Mar 3, 2025 — COAST Systems' NB-IoT solutions allow manufacturers to: Analyze mold cycle data for wear prediction; Detect anomalies before failures occur ...Read more",https://coastsystems.com/maximizing-plastic-injection-mold-lifespan/,https://coastsystems.com/maximizing-plastic-injection-mold-lifespan,coastsystems.com,coastsystems.com,
20260312-102832,2026-03-12T02:29:08.349Z,Mold risk prediction supplier -site:alibaba.com,17,Mold Stop WiFi Mold Prediction and Alarm System,Mold Stop is a smart Wi-Fi based MOLD INDEX monitoring and mold growth prediction system. It monitors your place 24/7 and sends you text message and email ...Read more,https://www.instrumentchoice.com.au/products/mold-stop-wifi-mold-prediction-and-alarm-system?srsltid=AfmBOoolwa2MC-i7jrPRhlXFqync7n5-hHwQxsB2ygpa45xfUPDemxhI,https://www.instrumentchoice.com.au/products/mold-stop-wifi-mold-prediction-and-alarm-system?srsltid=AfmBOoolwa2MC-i7jrPRhlXFqync7n5-hHwQxsB2ygpa45xfUPDemxhI,www.instrumentchoice.com.au,instrumentchoice.com.au,
20260312-102832,2026-03-12T02:29:08.349Z,Mold risk prediction supplier -site:alibaba.com,19,Mold life management,"By planning regular and predictive molds maintenance, we can prevent unpredictable breaking that can lead to serious repairing. By preventing unpredictable mold ...Read more",https://www.esox-plast.sk/en/mold-life-management,https://www.esox-plast.sk/en/mold-life-management,www.esox-plast.sk,esox-plast.sk,
20260312-102832,2026-03-12T02:29:24.355Z,Mold risk prediction manufacturer -site:alibaba.com,1,Mold Risk Asessment,"The Mould Flow Analysis predicts how the plastic will behave during the molding process. From shrinking, melt temperature and warpage to cycle time.Read more",https://www.igsgebojagema.nl/service/mold-risk-asessment/,https://www.igsgebojagema.nl/service/mold-risk-asessment,www.igsgebojagema.nl,igsgebojagema.nl,
20260312-102832,2026-03-12T02:29:24.355Z,Mold risk prediction manufacturer -site:alibaba.com,3,The Power of Predictive Analytics in Mold Maintenance,"Apr 7, 2025 — Stop guessing and start predicting. Discover how AI-driven mold maintenance is giving leading manufacturers a competitive edge. AI-Powered ...Read more",https://coastsystems.com/the-power-of-predictive-analytics-in-mold-maintenance-a-competitive-advantage/,https://coastsystems.com/the-power-of-predictive-analytics-in-mold-maintenance-a-competitive-advantage,coastsystems.com,coastsystems.com,
20260312-102832,2026-03-12T02:29:24.355Z,Mold risk prediction manufacturer -site:alibaba.com,5,Food solution model calculators,The Corbion Natural Mold Inhibition Model (CNMIM) is the baking industry's first-ever tool for predicting time to visible mold growth in label-friendly pan ...Read more,https://www.corbion.com/solutions/food/calculators,https://www.corbion.com/solutions/food/calculators,www.corbion.com,corbion.com,
20260312-102832,2026-03-12T02:29:24.355Z,Mold risk prediction manufacturer -site:alibaba.com,7,Tooling & Mold,"Buying or Importing Tooling & Mold from overseas ? Get Mold & Tooling Quality Inspection, Quality Control, Quality Check, Supplier Audit Services.",https://worldwidequalitycontrol.com/tooling-mold-inspection-quality-control-services,https://worldwidequalitycontrol.com/tooling-mold-inspection-quality-control-services,worldwidequalitycontrol.com,worldwidequalitycontrol.com,
20260312-102832,2026-03-12T02:29:24.355Z,Mold risk prediction manufacturer -site:alibaba.com,9,The Role of Machine Learning and AI in Mold Lifecycle ...,"Feb 6, 2025 — This article examines the difficulties manufacturers face in managing mold lifecycle, and how machine learning, analytics, and AI can be applied to improve ...Read more",https://emoldino.com/de/die-unermesslichen-kosten-der-vernachlassigung-3/,https://emoldino.com/de/die-unermesslichen-kosten-der-vernachlassigung-3,emoldino.com,emoldino.com,
20260312-102832,2026-03-12T02:29:24.355Z,Mold risk prediction manufacturer -site:alibaba.com,11,"Mold and Moisture Testing, Inspection & Remediation","Expert mold and moisture consulting services by G2 Consultants. Assessments, clearance sampling, and remediation for your commercial and industrial ...",https://www.g2ci.com/environmental-testing/mold-testing/,https://www.g2ci.com/environmental-testing/mold-testing,www.g2ci.com,g2ci.com,
20260312-102832,2026-03-12T02:29:24.355Z,Mold risk prediction manufacturer -site:alibaba.com,13,Viking Analytics and iioote Introduce New AI-Based ...,"Sep 28, 2020 — Viking Analytics and iioote have introduced an AI-powered solution for the early detection of black mold in buildings.",https://www.vikinganalytics.se/news/viking-analytics-and-iioote-introduce-new-ai-based-product-for-early-detection-of-black-mold,https://www.vikinganalytics.se/news/viking-analytics-and-iioote-introduce-new-ai-based-product-for-early-detection-of-black-mold,www.vikinganalytics.se,vikinganalytics.se,
20260312-102832,2026-03-12T02:29:24.355Z,Mold risk prediction manufacturer -site:alibaba.com,15,Mold Stop WiFi Mold Prediction and Alarm System,Mold Stop is a smart Wi-Fi based MOLD INDEX monitoring and mold growth prediction system. It monitors your place 24/7 and sends you text message and email ...Read more,https://www.instrumentchoice.com.au/products/mold-stop-wifi-mold-prediction-and-alarm-system?srsltid=AfmBOoqlflr3nwr_GxEqxM0_HsBHXadijM5UoOnN2HpUwbFBphIm3Bm2,https://www.instrumentchoice.com.au/products/mold-stop-wifi-mold-prediction-and-alarm-system?srsltid=AfmBOoqlflr3nwr_GxEqxM0_HsBHXadijM5UoOnN2HpUwbFBphIm3Bm2,www.instrumentchoice.com.au,instrumentchoice.com.au,
20260312-102832,2026-03-12T02:29:24.355Z,Mold risk prediction manufacturer -site:alibaba.com,17,Reducing risk through proactive tooling maintenance,"Nov 17, 2025 — For OEMs this makes a contract manufacturer's approach to mold maintenance a critical part of supplier selection and ongoing risk management.Read more",https://www.todaysmedicaldevelopments.com/article/mold-care-market-confidence-reducing-risk-proactive-tooling-maintenance/,https://www.todaysmedicaldevelopments.com/article/mold-care-market-confidence-reducing-risk-proactive-tooling-maintenance,www.todaysmedicaldevelopments.com,todaysmedicaldevelopments.com,
20260312-102832,2026-03-12T02:29:24.355Z,Mold risk prediction manufacturer -site:alibaba.com,19,The Impact of Market Demand on Mold Manufacturing,"Sep 9, 2025 — ... Mold Manufacturing and manufacturers are leveraging simulation software to predict mold performance, optimize design, and reduce the risk of ...Read more",https://moldtechnologyeg.com/market-demand-on-mold-manufacturing/,https://moldtechnologyeg.com/market-demand-on-mold-manufacturing,moldtechnologyeg.com,moldtechnologyeg.com,
20260312-102832,2026-03-12T02:29:42.587Z,mold growth forecast; mold hazard analysis supplier -site:alibaba.com,1,"Mold Remediation Service Market Size, Share & Forecast ...",3 days ago — Global Mold Remediation Service market size is projected at USD 1387.49 million in 2026 and is expected to hit USD 1939.6 million by 2035 ...,https://www.marketreportsworld.com/market-reports/mold-remediation-service-market-14725326,https://www.marketreportsworld.com/market-reports/mold-remediation-service-market-14725326,www.marketreportsworld.com,marketreportsworld.com,
20260312-102832,2026-03-12T02:29:42.587Z,mold growth forecast; mold hazard analysis supplier -site:alibaba.com,3,Risk assessment of mold growth across the US due to ...,by S Vecherin · 2024 · Cited by 9 — This paper describes a probabilistic framework for mold growth risk assessment on various construction materials and shows its application across a variety of ...Read more,https://www.sciencedirect.com/science/article/pii/S0360132324003408,https://www.sciencedirect.com/science/article/pii/S0360132324003408,www.sciencedirect.com,sciencedirect.com,
20260312-102832,2026-03-12T02:29:42.587Z,mold growth forecast; mold hazard analysis supplier -site:alibaba.com,5,"Mold Remediation Service Market Size and Forecast, 2025 ...","Mold Remediation Service Market valued at USD 1340.3 Mn in 2025, is anticipated to reaching USD 1751.9 Mn by 2032, with a steady annual growth rate of 3.9%.",https://www.coherentmarketinsights.com/market-insight/mold-remediation-service-market-5614,https://www.coherentmarketinsights.com/market-insight/mold-remediation-service-market-5614,www.coherentmarketinsights.com,coherentmarketinsights.com,
20260312-102832,2026-03-12T02:29:42.587Z,mold growth forecast; mold hazard analysis supplier -site:alibaba.com,7,Casting Mold Market | Global Market Analysis Report - 2035,"Oct 29, 2025 — Casting Mold Market was worth USD 1.9 billion in 2025, and is predicted to grow to USD 2.9 billion by 2035, with a CAGR of 4.1%.",https://www.futuremarketinsights.com/reports/casting-mold-market,https://www.futuremarketinsights.com/reports/casting-mold-market,www.futuremarketinsights.com,futuremarketinsights.com,
20260312-102832,2026-03-12T02:29:42.587Z,mold growth forecast; mold hazard analysis supplier -site:alibaba.com,9,Emerging Growth Patterns in Mold Cleaning Service Market,"Feb 2, 2026 — The mold cleaning service market, valued at $163 million in 2025, is projected to experience steady growth, driven by increasing awareness of ...Read more",https://www.datainsightsmarket.com/reports/mold-cleaning-service-493624,https://www.datainsightsmarket.com/reports/mold-cleaning-service-493624,www.datainsightsmarket.com,datainsightsmarket.com,
20260312-102832,2026-03-12T02:29:42.587Z,mold growth forecast; mold hazard analysis supplier -site:alibaba.com,11,"Mold Release Agents Market Size, Share & Forecast to 2030","The Mold Release Agents Market, valued at USD 2.39B in 2025, is projected to reach USD 3.25B by 2030, growing at a 6.3% CAGR.",https://www.researchandmarkets.com/report/mold-release-agents?srsltid=AfmBOory3hc_c4FVR7wd-pIOQNJtyXbLEqsRulAcjLMhYi3gqYzqjPCU,https://www.researchandmarkets.com/report/mold-release-agents?srsltid=AfmBOory3hc_c4FVR7wd-pIOQNJtyXbLEqsRulAcjLMhYi3gqYzqjPCU,www.researchandmarkets.com,researchandmarkets.com,
20260312-102832,2026-03-12T02:29:42.587Z,mold growth forecast; mold hazard analysis supplier -site:alibaba.com,13,Industrial Mold Market Growth Drivers & Analysis,"Industrial Mold Market was valued at USD 32,467.66 million in the year 2025. The size of this market is expected to increase to USD 68,262.86 million by the ...Read more",https://www.reanin.com/reports/industrial-mold-market,https://www.reanin.com/reports/industrial-mold-market,www.reanin.com,reanin.com,
20260312-102832,2026-03-12T02:29:42.587Z,mold growth forecast; mold hazard analysis supplier -site:alibaba.com,15,Mold And Moisture Assessment Market Report,"The global market size for mold and moisture assessment was valued at approximately USD 2.1 billion in 2023 and is projected to reach USD 3.8 billion by 2032, ...Read more",https://dataintelo.com/report/mold-and-moisture-assessment-market,https://dataintelo.com/report/mold-and-moisture-assessment-market,dataintelo.com,dataintelo.com,
20260312-102832,2026-03-12T02:29:42.587Z,mold growth forecast; mold hazard analysis supplier -site:alibaba.com,17,Mold Detection And Removal Services Market Growth ...,The Mold Detection And Removal Services Market was valued at 8.02 billion in 2025 and is projected to grow at a CAGR of 7.47% from 2026 to ...Read more,https://www.linkedin.com/pulse/mold-detection-removal-services-market-bc59c,https://www.linkedin.com/pulse/mold-detection-removal-services-market-bc59c,www.linkedin.com,linkedin.com,
20260312-102832,2026-03-12T02:29:42.587Z,mold growth forecast; mold hazard analysis supplier -site:alibaba.com,19,"Mold Release Agent Market Size And Share Report, 2030",The global mold release agent market size was estimated at USD 2.07 billion in 2023 and is projected to grow at a CAGR of 6.2% in terms of revenue from 2024 ...,https://www.grandviewresearch.com/industry-analysis/mold-release-agent-market-report,https://www.grandviewresearch.com/industry-analysis/mold-release-agent-market-report,www.grandviewresearch.com,grandviewresearch.com,
20260312-102832,2026-03-12T02:30:02.713Z,Humidity monitoring supplier -site:alibaba.com,1,Temperature And Humidity Transmitters,"The Series RHPX Humidity & Temp Transmitter offers high accuracy monitoring for HVAC, clean rooms, data centers, and more, with optional LCD and easy ...Read more",https://www.dwyeromega.com/en-us/test-inspection/temperature-and-humidity/c/temp-humidity-transmitter?srsltid=AfmBOor0MbXv7M1uuqxBH8oNVkHeaTN3ho9uUivOYbk4K-MbDwBNE7zF,https://www.dwyeromega.com/en-us/test-inspection/temperature-and-humidity/c/temp-humidity-transmitter?srsltid=AfmBOor0MbXv7M1uuqxBH8oNVkHeaTN3ho9uUivOYbk4K-MbDwBNE7zF,www.dwyeromega.com,dwyeromega.com,
20260312-102832,2026-03-12T02:30:02.713Z,Humidity monitoring supplier -site:alibaba.com,3,Humidity monitoring - ecomonitoring.com,"MoistTech is a manufacturer of NIR analyzers for monitoring the moisture content of the surface layer of powders, granules, food products and tobacco.Read more",https://www.ecomonitoring.com/en/humidity-monitoring/,https://www.ecomonitoring.com/en/humidity-monitoring,www.ecomonitoring.com,ecomonitoring.com,
20260312-102832,2026-03-12T02:30:02.713Z,Humidity monitoring supplier -site:alibaba.com,5,Humidity Sensors | Veris,"Humidity Sensors for your every need, including: wall, duct, outdoor, humidistats, pendant, insertion, and accessories. With numerous options to ...",https://www.veris.com/126838/category/humidity-sensors,https://www.veris.com/126838/category/humidity-sensors,www.veris.com,veris.com,
20260312-102832,2026-03-12T02:30:02.713Z,Humidity monitoring supplier -site:alibaba.com,7,Best Temperature Humidity Sensor Supplier for ...,"Rika Sensors's weather sensors is commonly praised in the market due to good materials, fine workmanship, reliable quality, and favorable price.Read more",https://www.rikasensor.com/rika-temperature-humidity-sensor-supplier-for-humidity-monitoring.html,https://www.rikasensor.com/rika-temperature-humidity-sensor-supplier-for-humidity-monitoring.html,www.rikasensor.com,rikasensor.com,
20260312-102832,2026-03-12T02:30:02.713Z,Humidity monitoring supplier -site:alibaba.com,9,Humidity monitoring for preventive maintenance,The Swiss sensor manufacturer offers a wide range of humidity sensors for any desired room climate and develops customized sensor solutions that are tailored to ...Read more,https://www.ist-ag.com/en/humidity-monitoring-preventive-maintenance,https://www.ist-ag.com/en/humidity-monitoring-preventive-maintenance,www.ist-ag.com,ist-ag.com,
20260312-102832,2026-03-12T02:30:02.713Z,Humidity monitoring supplier -site:alibaba.com,11,ODM/OEM IoT Smart Zigbee Humidity Sensor Supplier/ ...,Dusun offers Smart Zigbee Humidity Sensor ODM/OEM services. As a manufacturer with over 18 years experience in embedded IoT hardware development and production ...Read more,https://www.dusuniot.com/product/smart-humidity-sensor/,https://www.dusuniot.com/product/smart-humidity-sensor,www.dusuniot.com,dusuniot.com,
20260312-102832,2026-03-12T02:30:02.713Z,Humidity monitoring supplier -site:alibaba.com,13,AKCP Data Center Monitoring | Sensor Monitoring Solutions,"AKCP is the leader in data center environmental monitoring with wired and wireless sensors for temperature, humidity, power, and security.",https://www.akcp.com/,https://www.akcp.com/,www.akcp.com,akcp.com,
20260312-102832,2026-03-12T02:30:02.713Z,Humidity monitoring supplier -site:alibaba.com,15,"Manufacturer of Dataloggers, Thermometers, Hygrometers ...","Production includes data acquisition systems, humidity, temperature, CO2 transmitters and portable thermometers, hygrometers, barometers, CO2 meters.Read more",https://www.cometsystem.com/,https://www.cometsystem.com/,www.cometsystem.com,cometsystem.com,
20260312-102832,2026-03-12T02:30:02.713Z,Humidity monitoring supplier -site:alibaba.com,17,Humidity and Hygrometry,Browse a full range of Humidity and Hygrometry products from leading suppliers. Shop now at Fisher Scientific for all of your scientific needs.,https://www.fishersci.com/us/en/browse/90151009/humidity-and-hygrometry,https://www.fishersci.com/us/en/browse/90151009/humidity-and-hygrometry,www.fishersci.com,fishersci.com,
20260312-102832,2026-03-12T02:30:02.713Z,Humidity monitoring supplier -site:alibaba.com,19,Parameter | Temperature & Humidity Chamber Manufacturer,"With over 48 years of experience, Parameter Generation & Control is a trusted leader in precise temperature and humidity control. Our products are engineered ...Read more",https://humiditycontrol.com/,https://humiditycontrol.com/,humiditycontrol.com,humiditycontrol.com,